{
	"length": {
	  "inches": {
		"feet": 0.08333333333333333,
		"yards": 0.027777777777777776,
		"miles": 0.000015782828282828283,
		"centimeters": 2.54,
		"meters": 0.0254,
		"millimeters": 25.4,
		"kilometers": 0.0000254,
		"nautical-miles": 0.000013715,
		"knots": 0,
		"micrometers": 25400,
		"nanometers": 25400000
	  },
	  "feet": {
		"inches": 12,
		"yards": 0.3333333333333333,
		"miles": 0.0001893939393939394,
		"centimeters": 30.48,
		"meters": 0.3048,
		"millimeters": 304.8,
		"kilometers": 0.0003048,
		"nautical-miles": 0.000164578,
		"knots": 0,
		"micrometers": 304800,
		"nanometers": 304800000
	  },
	  "yards": {
		"inches": 36,
		"feet": 3,
		"miles": 0.0005681818181818182,
		"centimeters": 91.44,
		"meters": 0.9144,
		"millimeters": 914.4,
		"kilometers": 0.0009144,
		"nautical-miles": 0.000493737,
		"knots": 0,
		"micrometers": 914400,
		"nanometers": 914400000
	  },
	  "miles": {
		"inches": 63360,
		"feet": 5280,
		"yards": 1760,
		"centimeters": 160934.4,
		"meters": 1609.344,
		"millimeters": 1609344,
		"kilometers": 1.609344,
		"nautical-miles": 0.868976,
		"knots": 0,
		"micrometers": 1609344000,
		"nanometers": 1609344000000
	  },
	  "centimeters": {
		"inches": 0.3937007874015748,
		"feet": 0.03280839895013123,
		"yards": 0.010936132973355217,
		"miles": 0.00000621371192237331996,
		"meters": 0.01,
		"millimeters": 10,
		"kilometers": 0.00001,
		"nautical-miles": 0.00000539957,
		"knots": 0,
		"micrometers": 10000,
		"nanometers": 10000000
	  },
	  "meters": {
		"inches": 39.37007874015748,
		"feet": 3.280839895013123,
		"yards": 1.0936132973355217,
		"miles": 0.000621371192237331996,
		"centimeters": 100,
		"millimeters": 1000,
		"kilometers": 0.001,
		"nautical-miles": 0.000539957,
		"knots": 0,
		"micrometers": 1000000,
		"nanometers": 1000000000
	  },
	  "millimeters": {
		"inches": 0.03937007874015748,
		"feet": 0.003280839895013123,
		"yards": 0.0010936132973355217,
		"miles": 0.000000621371192237331996,
		"centimeters": 0.1,
		"meters": 0.001,
		"kilometers": 0.000001,
		"nautical-miles": 0.000000539957,
		"knots": 0,
		"micrometers": 1000,
		"nanometers": 1000000
	  },
	  "kilometers": {
		"inches": 39370.07874015748,
		"feet": 3280.839895013123,
		"yards": 1093.6132973355217,
		"miles": 0.621371192237331996,
		"centimeters": 100000,
		"meters": 1000,
		"millimeters": 1000000,
		"nautical-miles": 0.539956803,
		"knots": 0,
		"micrometers": 1000000000,
		"nanometers": 1000000000000
	  },
	  "nautical-miles": {
		"inches": 72913.38582677165,
		"feet": 6076.115485564304,
		"yards": 2025.371828188101,
		"miles": 1.15077944802354,
		"centimeters": 185200,
		"meters": 1852,
		"millimeters": 1852000,
		"kilometers": 1.852,
		"knots": 1,
		"micrometers": 1852000000,
		"nanometers": 1852000000000
	  },
	  "knots": {
		"inches": 72913.38582677165,
		"feet": 6076.115485564304,
		"yards": 2025.371828188101,
		"miles": 1.15077944802354,
		"centimeters": 185200,
		"meters": 1852,
		"millimeters": 1852000,
		"kilometers": 1.852,
		"nautical-miles": 1,
		"micrometers": 1852000000,
		"nanometers": 1852000000000
	  },
	  "micrometers": {
		"inches": 0.00003937007874015748,
		"feet": 0.000003280839895013123,
		"yards": 0.0000010936132973355217,
		"miles": 0.000000000621371192237331996,
		"centimeters": 0.0001,
		"meters": 0.000001,
		"millimeters": 0.001,
		"kilometers": 0.000000001,
		"nautical-miles": 0.000000000539957,
		"knots": 0,
		"nanometers": 1000
	  },
	  "nanometers": {
		"inches": 0.00000003937007874015748,
		"feet": 0.000000003280839895013123,
		"yards": 0.0000000010936132973355217,
		"miles": 0.000000000000621371192237331996,
		"centimeters": 0.0000001,
		"meters": 0.000000001,
		"millimeters": 0.000001,
		"kilometers": 0.000000000001,
		"nautical-miles": 0.000000000000539957,
		"knots": 0,
		"micrometers": 0.001
	  }
	}
  }